,issue_area,issue_category,issue_sub_category,issue_category_sub_category,customer_sentiment,product_category,product_sub_category,issue_complexity,agent_experience_level,agent_experience_level_desc,conversation
0,Login and Account,Mobile Number and Email Verification,Verification requirement for mobile number or email address during login,Mobile Number and Email Verification -> Verification requirement for mobile number or email address during login,neutral,Appliances,Oven Toaster Grills (OTG),medium,junior,"handles customer inquiries independently, possess solid troubleshooting skills, and seek guidance from more experienced team members when needed.","Agent: Thank you for calling BrownBox Customer Support. My name is Tom. How may I assist you today?

Customer: Hi Tom, I'm trying to log in to my account to purchase an Oven Toaster Grill (OTG), but I'm unable to proceed as it's asking for mobile number or email verification. Can you help me with that?

Agent: Sure, I can assist you with that. May I know your registered mobile number or email address, please?

Customer: My registered mobile number is +1 123-456-7890.

Agent: Thank you. Let me check that for you. I'm sorry to inform you that we don't have this number on our records. Can you please confirm if this is the correct number?
